KOSTL,KOKRS,BUKRS,DATAB,DATBI,KTEXT,LTEXT,KOSAR,LAND1
CC1000,N300,N3NL,2020-01-01,9999-12-31,Retail Operations NL,Retail Operations - N3N3 Netherlands B.V.,RETAIL,NL
CC1001,N300,N3NL,2020-01-01,9999-12-31,E-Commerce Operations NL,E-Commerce Operations - N3N3 Netherlands B.V.,ECOM,NL
CC1002,N300,N3NL,2020-01-01,9999-12-31,Logistics & Supply Chain NL,Logistics & Supply Chain - N3N3 Netherlands B.V.,LOGISTIC,NL
CC1003,N300,N3NL,2020-01-01,9999-12-31,Marketing & Brand NL,Marketing & Brand - N3N3 Netherlands B.V.,MARKETING,NL
CC1004,N300,N3NL,2020-01-01,9999-12-31,Store Payroll NL,Store Payroll - N3N3 Netherlands B.V.,STOREPAY,NL
CC1005,N300,N3NL,2020-01-01,9999-12-31,Information Technology NL,Information Technology - N3N3 Netherlands B.V.,IT,NL
CC1006,N300,N3NL,2020-01-01,9999-12-31,Finance & Accounting NL,Finance & Accounting - N3N3 Netherlands B.V.,FINANCE,NL
CC1007,N300,N3NL,2020-01-01,9999-12-31,Human Resources NL,Human Resources - N3N3 Netherlands B.V.,HR,NL
CC1008,N300,N3NL,2020-01-01,9999-12-31,Legal & Compliance NL,Legal & Compliance - N3N3 Netherlands B.V.,LEGAL,NL
CC1009,N300,N3NL,2020-01-01,9999-12-31,Executive Management NL,Executive Management - N3N3 Netherlands B.V.,EXEC,NL
CC1010,N300,N3NL,2020-01-01,9999-12-31,Facilities & Maintenance NL,Facilities & Maintenance - N3N3 Netherlands B.V.,FACILITY,NL
CC1011,N300,N3NL,2020-01-01,9999-12-31,Design & Merchandising NL,Design & Merchandising - N3N3 Netherlands B.V.,DESIGN,NL
CC1012,N300,N3NL,2020-01-01,9999-12-31,Store CC Amsterdam (P1000),Store Cost Center Amsterdam - P1000,STOREPAY,NL
CC1013,N300,N3NL,2020-01-01,9999-12-31,Store CC Rotterdam (P1001),Store Cost Center Rotterdam - P1001,STOREPAY,NL
CC1014,N300,N3NL,2020-01-01,9999-12-31,Store CC The Hague (P1002),Store Cost Center The Hague - P1002,STOREPAY,NL
CC1015,N300,N3NL,2020-01-01,9999-12-31,Store CC Utrecht (P1003),Store Cost Center Utrecht - P1003,STOREPAY,NL
CC1016,N300,N3NL,2020-01-01,9999-12-31,Store CC Eindhoven (P1004),Store Cost Center Eindhoven - P1004,STOREPAY,NL
CC1017,N300,N3NL,2020-01-01,9999-12-31,Store CC Groningen (P1005),Store Cost Center Groningen - P1005,STOREPAY,NL
CC1018,N300,N3NL,2020-01-01,9999-12-31,Store CC Tilburg (P1006),Store Cost Center Tilburg - P1006,STOREPAY,NL
CC1019,N300,N3NL,2020-01-01,9999-12-31,Store CC Almere (P1007),Store Cost Center Almere - P1007,STOREPAY,NL
CC1020,N300,N3NL,2020-01-01,9999-12-31,Store CC Breda (P1008),Store Cost Center Breda - P1008,STOREPAY,NL
CC1021,N300,N3NL,2020-01-01,9999-12-31,Store CC Nijmegen (P1009),Store Cost Center Nijmegen - P1009,STOREPAY,NL
CC1022,N300,N3NL,2020-01-01,9999-12-31,Store CC Haarlem (P1010),Store Cost Center Haarlem - P1010,STOREPAY,NL
CC1023,N300,N3NL,2020-01-01,9999-12-31,Store CC Arnhem (P1011),Store Cost Center Arnhem - P1011,STOREPAY,NL
CC1024,N300,N3NL,2020-01-01,9999-12-31,Store CC Maastricht (P1012),Store Cost Center Maastricht - P1012,STOREPAY,NL
CC1025,N300,N3NL,2020-01-01,9999-12-31,Store CC Leiden (P1013),Store Cost Center Leiden - P1013,STOREPAY,NL
CC1026,N300,N3NL,2020-01-01,9999-12-31,Store CC Delft (P1014),Store Cost Center Delft - P1014,STOREPAY,NL
CC1027,N300,N3NL,2020-01-01,9999-12-31,Store CC Amsterdam (P1015),Store Cost Center Amsterdam - P1015,STOREPAY,NL
CC1028,N300,N3NL,2020-01-01,9999-12-31,Store CC Rotterdam (P1016),Store Cost Center Rotterdam - P1016,STOREPAY,NL
CC1029,N300,N3NL,2020-01-01,9999-12-31,Store CC The Hague (P1017),Store Cost Center The Hague - P1017,STOREPAY,NL
CC1030,N300,N3NL,2020-01-01,9999-12-31,Store CC Utrecht (P1018),Store Cost Center Utrecht - P1018,STOREPAY,NL
CC1031,N300,N3NL,2020-01-01,9999-12-31,Store CC Eindhoven (P1019),Store Cost Center Eindhoven - P1019,STOREPAY,NL
CC1032,N300,N3NL,2020-01-01,9999-12-31,Store CC Groningen (P1020),Store Cost Center Groningen - P1020,STOREPAY,NL
CC1033,N300,N3NL,2020-01-01,9999-12-31,Store CC Tilburg (P1021),Store Cost Center Tilburg - P1021,STOREPAY,NL
CC1034,N300,N3NL,2020-01-01,9999-12-31,Store CC Almere (P1022),Store Cost Center Almere - P1022,STOREPAY,NL
CC1035,N300,N3NL,2020-01-01,9999-12-31,Store CC Breda (P1023),Store Cost Center Breda - P1023,STOREPAY,NL
CC1036,N300,N3NL,2020-01-01,9999-12-31,Store CC Nijmegen (P1024),Store Cost Center Nijmegen - P1024,STOREPAY,NL
CC1037,N300,N3NL,2020-01-01,9999-12-31,Store CC Haarlem (P1025),Store Cost Center Haarlem - P1025,STOREPAY,NL
CC1038,N300,N3NL,2020-01-01,9999-12-31,Store CC Arnhem (P1026),Store Cost Center Arnhem - P1026,STOREPAY,NL
CC1039,N300,N3NL,2020-01-01,9999-12-31,Store CC Maastricht (P1027),Store Cost Center Maastricht - P1027,STOREPAY,NL
CC1040,N300,N3NL,2020-01-01,9999-12-31,Store CC Leiden (P1028),Store Cost Center Leiden - P1028,STOREPAY,NL
CC1041,N300,N3NL,2020-01-01,9999-12-31,Store CC Delft (P1029),Store Cost Center Delft - P1029,STOREPAY,NL
CC1042,N300,N3NL,2020-01-01,9999-12-31,Store CC Amsterdam (P1030),Store Cost Center Amsterdam - P1030,STOREPAY,NL
CC1043,N300,N3NL,2020-01-01,9999-12-31,Store CC Rotterdam (P1031),Store Cost Center Rotterdam - P1031,STOREPAY,NL
CC1044,N300,N3NL,2020-01-01,9999-12-31,Store CC The Hague (P1032),Store Cost Center The Hague - P1032,STOREPAY,NL
CC1045,N300,N3IT,2020-01-01,9999-12-31,Retail Operations IT,Retail Operations - N3N3 Italia S.r.l.,RETAIL,IT
CC1046,N300,N3IT,2020-01-01,9999-12-31,E-Commerce Operations IT,E-Commerce Operations - N3N3 Italia S.r.l.,ECOM,IT
CC1047,N300,N3IT,2020-01-01,9999-12-31,Logistics & Supply Chain IT,Logistics & Supply Chain - N3N3 Italia S.r.l.,LOGISTIC,IT
CC1048,N300,N3IT,2020-01-01,9999-12-31,Marketing & Brand IT,Marketing & Brand - N3N3 Italia S.r.l.,MARKETING,IT
CC1049,N300,N3IT,2020-01-01,9999-12-31,Store Payroll IT,Store Payroll - N3N3 Italia S.r.l.,STOREPAY,IT
CC1050,N300,N3IT,2020-01-01,9999-12-31,Information Technology IT,Information Technology - N3N3 Italia S.r.l.,IT,IT
CC1051,N300,N3IT,2020-01-01,9999-12-31,Finance & Accounting IT,Finance & Accounting - N3N3 Italia S.r.l.,FINANCE,IT
CC1052,N300,N3IT,2020-01-01,9999-12-31,Human Resources IT,Human Resources - N3N3 Italia S.r.l.,HR,IT
CC1053,N300,N3IT,2020-01-01,9999-12-31,Legal & Compliance IT,Legal & Compliance - N3N3 Italia S.r.l.,LEGAL,IT
CC1054,N300,N3IT,2020-01-01,9999-12-31,Executive Management IT,Executive Management - N3N3 Italia S.r.l.,EXEC,IT
CC1055,N300,N3IT,2020-01-01,9999-12-31,Facilities & Maintenance IT,Facilities & Maintenance - N3N3 Italia S.r.l.,FACILITY,IT
CC1056,N300,N3IT,2020-01-01,9999-12-31,Design & Merchandising IT,Design & Merchandising - N3N3 Italia S.r.l.,DESIGN,IT
CC1057,N300,N3IT,2020-01-01,9999-12-31,Store CC Milan (P1036),Store Cost Center Milan - P1036,STOREPAY,IT
CC1058,N300,N3IT,2020-01-01,9999-12-31,Store CC Rome (P1037),Store Cost Center Rome - P1037,STOREPAY,IT
CC1059,N300,N3IT,2020-01-01,9999-12-31,Store CC Florence (P1038),Store Cost Center Florence - P1038,STOREPAY,IT
CC1060,N300,N3IT,2020-01-01,9999-12-31,Store CC Turin (P1039),Store Cost Center Turin - P1039,STOREPAY,IT
CC1061,N300,N3IT,2020-01-01,9999-12-31,Store CC Naples (P1040),Store Cost Center Naples - P1040,STOREPAY,IT
CC1062,N300,N3IT,2020-01-01,9999-12-31,Store CC Bologna (P1041),Store Cost Center Bologna - P1041,STOREPAY,IT
CC1063,N300,N3IT,2020-01-01,9999-12-31,Store CC Venice (P1042),Store Cost Center Venice - P1042,STOREPAY,IT
CC1064,N300,N3IT,2020-01-01,9999-12-31,Store CC Verona (P1043),Store Cost Center Verona - P1043,STOREPAY,IT
CC1065,N300,N3IT,2020-01-01,9999-12-31,Store CC Genoa (P1044),Store Cost Center Genoa - P1044,STOREPAY,IT
CC1066,N300,N3IT,2020-01-01,9999-12-31,Store CC Palermo (P1045),Store Cost Center Palermo - P1045,STOREPAY,IT
CC1067,N300,N3IT,2020-01-01,9999-12-31,Store CC Bari (P1046),Store Cost Center Bari - P1046,STOREPAY,IT
CC1068,N300,N3IT,2020-01-01,9999-12-31,Store CC Catania (P1047),Store Cost Center Catania - P1047,STOREPAY,IT
CC1069,N300,N3IT,2020-01-01,9999-12-31,Store CC Padova (P1048),Store Cost Center Padova - P1048,STOREPAY,IT
CC1070,N300,N3IT,2020-01-01,9999-12-31,Store CC Trieste (P1049),Store Cost Center Trieste - P1049,STOREPAY,IT
CC1071,N300,N3IT,2020-01-01,9999-12-31,Store CC Brescia (P1050),Store Cost Center Brescia - P1050,STOREPAY,IT
CC1072,N300,N3IT,2020-01-01,9999-12-31,Store CC Parma (P1051),Store Cost Center Parma - P1051,STOREPAY,IT
CC1073,N300,N3IT,2020-01-01,9999-12-31,Store CC Modena (P1052),Store Cost Center Modena - P1052,STOREPAY,IT
CC1074,N300,N3IT,2020-01-01,9999-12-31,Store CC Bergamo (P1053),Store Cost Center Bergamo - P1053,STOREPAY,IT
CC1075,N300,N3IT,2020-01-01,9999-12-31,Store CC Como (P1054),Store Cost Center Como - P1054,STOREPAY,IT
CC1076,N300,N3IT,2020-01-01,9999-12-31,Store CC Rimini (P1055),Store Cost Center Rimini - P1055,STOREPAY,IT
CC1077,N300,N3IT,2020-01-01,9999-12-31,Store CC Milan (P1056),Store Cost Center Milan - P1056,STOREPAY,IT
CC1078,N300,N3IT,2020-01-01,9999-12-31,Store CC Rome (P1057),Store Cost Center Rome - P1057,STOREPAY,IT
CC1079,N300,N3IT,2020-01-01,9999-12-31,Store CC Florence (P1058),Store Cost Center Florence - P1058,STOREPAY,IT
CC1080,N300,N3IT,2020-01-01,9999-12-31,Store CC Turin (P1059),Store Cost Center Turin - P1059,STOREPAY,IT
CC1081,N300,N3IT,2020-01-01,9999-12-31,Store CC Naples (P1060),Store Cost Center Naples - P1060,STOREPAY,IT
CC1082,N300,N3IT,2020-01-01,9999-12-31,Store CC Bologna (P1061),Store Cost Center Bologna - P1061,STOREPAY,IT
CC1083,N300,N3IT,2020-01-01,9999-12-31,Store CC Venice (P1062),Store Cost Center Venice - P1062,STOREPAY,IT
CC1084,N300,N3IT,2020-01-01,9999-12-31,Store CC Verona (P1063),Store Cost Center Verona - P1063,STOREPAY,IT
CC1085,N300,N3IT,2020-01-01,9999-12-31,Store CC Genoa (P1064),Store Cost Center Genoa - P1064,STOREPAY,IT
CC1086,N300,N3IT,2020-01-01,9999-12-31,Store CC Palermo (P1065),Store Cost Center Palermo - P1065,STOREPAY,IT
CC1087,N300,N3IT,2020-01-01,9999-12-31,Store CC Bari (P1066),Store Cost Center Bari - P1066,STOREPAY,IT
CC1088,N300,N3IT,2020-01-01,9999-12-31,Store CC Catania (P1067),Store Cost Center Catania - P1067,STOREPAY,IT
CC1089,N300,N3IT,2020-01-01,9999-12-31,Store CC Padova (P1068),Store Cost Center Padova - P1068,STOREPAY,IT
CC1090,N300,N3IT,2020-01-01,9999-12-31,Store CC Trieste (P1069),Store Cost Center Trieste - P1069,STOREPAY,IT
CC1091,N300,N3IT,2020-01-01,9999-12-31,Store CC Brescia (P1070),Store Cost Center Brescia - P1070,STOREPAY,IT
CC1092,N300,N3IT,2020-01-01,9999-12-31,Store CC Parma (P1071),Store Cost Center Parma - P1071,STOREPAY,IT
CC1093,N300,N3IT,2020-01-01,9999-12-31,Store CC Modena (P1072),Store Cost Center Modena - P1072,STOREPAY,IT
CC1094,N300,N3IT,2020-01-01,9999-12-31,Store CC Bergamo (P1073),Store Cost Center Bergamo - P1073,STOREPAY,IT
CC1095,N300,N3IT,2020-01-01,9999-12-31,Store CC Como (P1074),Store Cost Center Como - P1074,STOREPAY,IT
CC1096,N300,N3IT,2020-01-01,9999-12-31,Store CC Rimini (P1075),Store Cost Center Rimini - P1075,STOREPAY,IT
CC1097,N300,N3IT,2020-01-01,9999-12-31,Store CC Milan (P1076),Store Cost Center Milan - P1076,STOREPAY,IT
CC1098,N300,N3IT,2020-01-01,9999-12-31,Store CC Rome (P1077),Store Cost Center Rome - P1077,STOREPAY,IT
CC1099,N300,N3IT,2020-01-01,9999-12-31,Store CC Florence (P1078),Store Cost Center Florence - P1078,STOREPAY,IT
CC1100,N300,N3IT,2020-01-01,9999-12-31,Store CC Turin (P1079),Store Cost Center Turin - P1079,STOREPAY,IT
CC1101,N300,N3IT,2020-01-01,9999-12-31,Store CC Naples (P1080),Store Cost Center Naples - P1080,STOREPAY,IT
CC1102,N300,N3IT,2020-01-01,9999-12-31,Store CC Milan (P1081),Store Cost Center Milan - P1081,STOREPAY,IT
CC1103,N300,N3IT,2020-01-01,9999-12-31,Store CC Rome (P1082),Store Cost Center Rome - P1082,STOREPAY,IT
CC1104,N300,N3IT,2020-01-01,9999-12-31,Store CC Florence (P1083),Store Cost Center Florence - P1083,STOREPAY,IT
CC1105,N300,N3IT,2020-01-01,9999-12-31,Store CC Turin (P1084),Store Cost Center Turin - P1084,STOREPAY,IT
CC1106,N300,N3IT,2020-01-01,9999-12-31,Store CC Naples (P1085),Store Cost Center Naples - P1085,STOREPAY,IT
CC1107,N300,N3FR,2020-01-01,9999-12-31,Retail Operations FR,Retail Operations - N3N3 France S.A.S.,RETAIL,FR
CC1108,N300,N3FR,2020-01-01,9999-12-31,E-Commerce Operations FR,E-Commerce Operations - N3N3 France S.A.S.,ECOM,FR
CC1109,N300,N3FR,2020-01-01,9999-12-31,Logistics & Supply Chain FR,Logistics & Supply Chain - N3N3 France S.A.S.,LOGISTIC,FR
CC1110,N300,N3FR,2020-01-01,9999-12-31,Marketing & Brand FR,Marketing & Brand - N3N3 France S.A.S.,MARKETING,FR
CC1111,N300,N3FR,2020-01-01,9999-12-31,Store Payroll FR,Store Payroll - N3N3 France S.A.S.,STOREPAY,FR
CC1112,N300,N3FR,2020-01-01,9999-12-31,Information Technology FR,Information Technology - N3N3 France S.A.S.,IT,FR
CC1113,N300,N3FR,2020-01-01,9999-12-31,Finance & Accounting FR,Finance & Accounting - N3N3 France S.A.S.,FINANCE,FR
CC1114,N300,N3FR,2020-01-01,9999-12-31,Human Resources FR,Human Resources - N3N3 France S.A.S.,HR,FR
CC1115,N300,N3FR,2020-01-01,9999-12-31,Legal & Compliance FR,Legal & Compliance - N3N3 France S.A.S.,LEGAL,FR
CC1116,N300,N3FR,2020-01-01,9999-12-31,Executive Management FR,Executive Management - N3N3 France S.A.S.,EXEC,FR
CC1117,N300,N3FR,2020-01-01,9999-12-31,Facilities & Maintenance FR,Facilities & Maintenance - N3N3 France S.A.S.,FACILITY,FR
CC1118,N300,N3FR,2020-01-01,9999-12-31,Design & Merchandising FR,Design & Merchandising - N3N3 France S.A.S.,DESIGN,FR
CC1119,N300,N3FR,2020-01-01,9999-12-31,Store CC Paris (P1089),Store Cost Center Paris - P1089,STOREPAY,FR
CC1120,N300,N3FR,2020-01-01,9999-12-31,Store CC Lyon (P1090),Store Cost Center Lyon - P1090,STOREPAY,FR
CC1121,N300,N3FR,2020-01-01,9999-12-31,Store CC Marseille (P1091),Store Cost Center Marseille - P1091,STOREPAY,FR
CC1122,N300,N3FR,2020-01-01,9999-12-31,Store CC Toulouse (P1092),Store Cost Center Toulouse - P1092,STOREPAY,FR
CC1123,N300,N3FR,2020-01-01,9999-12-31,Store CC Nice (P1093),Store Cost Center Nice - P1093,STOREPAY,FR
CC1124,N300,N3FR,2020-01-01,9999-12-31,Store CC Nantes (P1094),Store Cost Center Nantes - P1094,STOREPAY,FR
CC1125,N300,N3FR,2020-01-01,9999-12-31,Store CC Strasbourg (P1095),Store Cost Center Strasbourg - P1095,STOREPAY,FR
CC1126,N300,N3FR,2020-01-01,9999-12-31,Store CC Montpellier (P1096),Store Cost Center Montpellier - P1096,STOREPAY,FR
CC1127,N300,N3FR,2020-01-01,9999-12-31,Store CC Bordeaux (P1097),Store Cost Center Bordeaux - P1097,STOREPAY,FR
CC1128,N300,N3FR,2020-01-01,9999-12-31,Store CC Lille (P1098),Store Cost Center Lille - P1098,STOREPAY,FR
CC1129,N300,N3FR,2020-01-01,9999-12-31,Store CC Rennes (P1099),Store Cost Center Rennes - P1099,STOREPAY,FR
CC1130,N300,N3FR,2020-01-01,9999-12-31,Store CC Reims (P1100),Store Cost Center Reims - P1100,STOREPAY,FR
CC1131,N300,N3FR,2020-01-01,9999-12-31,Store CC Toulon (P1101),Store Cost Center Toulon - P1101,STOREPAY,FR
CC1132,N300,N3FR,2020-01-01,9999-12-31,Store CC Grenoble (P1102),Store Cost Center Grenoble - P1102,STOREPAY,FR
CC1133,N300,N3FR,2020-01-01,9999-12-31,Store CC Dijon (P1103),Store Cost Center Dijon - P1103,STOREPAY,FR
CC1134,N300,N3FR,2020-01-01,9999-12-31,Store CC Cannes (P1104),Store Cost Center Cannes - P1104,STOREPAY,FR
CC1135,N300,N3FR,2020-01-01,9999-12-31,Store CC Aix-en-Provence (P1105),Store Cost Center Aix-en-Provence - P1105,STOREPAY,FR
CC1136,N300,N3FR,2020-01-01,9999-12-31,Store CC Paris (P1106),Store Cost Center Paris - P1106,STOREPAY,FR
CC1137,N300,N3FR,2020-01-01,9999-12-31,Store CC Lyon (P1107),Store Cost Center Lyon - P1107,STOREPAY,FR
CC1138,N300,N3FR,2020-01-01,9999-12-31,Store CC Marseille (P1108),Store Cost Center Marseille - P1108,STOREPAY,FR
CC1139,N300,N3FR,2020-01-01,9999-12-31,Store CC Toulouse (P1109),Store Cost Center Toulouse - P1109,STOREPAY,FR
CC1140,N300,N3FR,2020-01-01,9999-12-31,Store CC Nice (P1110),Store Cost Center Nice - P1110,STOREPAY,FR
CC1141,N300,N3FR,2020-01-01,9999-12-31,Store CC Nantes (P1111),Store Cost Center Nantes - P1111,STOREPAY,FR
CC1142,N300,N3FR,2020-01-01,9999-12-31,Store CC Strasbourg (P1112),Store Cost Center Strasbourg - P1112,STOREPAY,FR
CC1143,N300,N3FR,2020-01-01,9999-12-31,Store CC Montpellier (P1113),Store Cost Center Montpellier - P1113,STOREPAY,FR
CC1144,N300,N3FR,2020-01-01,9999-12-31,Store CC Bordeaux (P1114),Store Cost Center Bordeaux - P1114,STOREPAY,FR
CC1145,N300,N3FR,2020-01-01,9999-12-31,Store CC Lille (P1115),Store Cost Center Lille - P1115,STOREPAY,FR
CC1146,N300,N3FR,2020-01-01,9999-12-31,Store CC Rennes (P1116),Store Cost Center Rennes - P1116,STOREPAY,FR
CC1147,N300,N3FR,2020-01-01,9999-12-31,Store CC Reims (P1117),Store Cost Center Reims - P1117,STOREPAY,FR
CC1148,N300,N3FR,2020-01-01,9999-12-31,Store CC Toulon (P1118),Store Cost Center Toulon - P1118,STOREPAY,FR
CC1149,N300,N3FR,2020-01-01,9999-12-31,Store CC Grenoble (P1119),Store Cost Center Grenoble - P1119,STOREPAY,FR
CC1150,N300,N3FR,2020-01-01,9999-12-31,Store CC Dijon (P1120),Store Cost Center Dijon - P1120,STOREPAY,FR
CC1151,N300,N3FR,2020-01-01,9999-12-31,Store CC Cannes (P1121),Store Cost Center Cannes - P1121,STOREPAY,FR
CC1152,N300,N3FR,2020-01-01,9999-12-31,Store CC Aix-en-Provence (P1122),Store Cost Center Aix-en-Provence - P1122,STOREPAY,FR
CC1153,N300,N3FR,2020-01-01,9999-12-31,Store CC Paris (P1123),Store Cost Center Paris - P1123,STOREPAY,FR
CC1154,N300,N3FR,2020-01-01,9999-12-31,Store CC Lyon (P1124),Store Cost Center Lyon - P1124,STOREPAY,FR
CC1155,N300,N3FR,2020-01-01,9999-12-31,Store CC Marseille (P1125),Store Cost Center Marseille - P1125,STOREPAY,FR
CC1156,N300,N3FR,2020-01-01,9999-12-31,Store CC Toulouse (P1126),Store Cost Center Toulouse - P1126,STOREPAY,FR
CC1157,N300,N3FR,2020-01-01,9999-12-31,Store CC Nice (P1127),Store Cost Center Nice - P1127,STOREPAY,FR
CC1158,N300,N3FR,2020-01-01,9999-12-31,Store CC Nantes (P1128),Store Cost Center Nantes - P1128,STOREPAY,FR
CC1159,N300,N3FR,2020-01-01,9999-12-31,Store CC Paris (P1129),Store Cost Center Paris - P1129,STOREPAY,FR
CC1160,N300,N3FR,2020-01-01,9999-12-31,Store CC Lyon (P1130),Store Cost Center Lyon - P1130,STOREPAY,FR
CC1161,N300,N3FR,2020-01-01,9999-12-31,Store CC Marseille (P1131),Store Cost Center Marseille - P1131,STOREPAY,FR
CC1162,N300,N3FR,2020-01-01,9999-12-31,Store CC Toulouse (P1132),Store Cost Center Toulouse - P1132,STOREPAY,FR
CC1163,N300,N3DE,2020-01-01,9999-12-31,Retail Operations DE,Retail Operations - N3N3 Deutschland GmbH,RETAIL,DE
CC1164,N300,N3DE,2020-01-01,9999-12-31,E-Commerce Operations DE,E-Commerce Operations - N3N3 Deutschland GmbH,ECOM,DE
CC1165,N300,N3DE,2020-01-01,9999-12-31,Logistics & Supply Chain DE,Logistics & Supply Chain - N3N3 Deutschland GmbH,LOGISTIC,DE
CC1166,N300,N3DE,2020-01-01,9999-12-31,Marketing & Brand DE,Marketing & Brand - N3N3 Deutschland GmbH,MARKETING,DE
CC1167,N300,N3DE,2020-01-01,9999-12-31,Store Payroll DE,Store Payroll - N3N3 Deutschland GmbH,STOREPAY,DE
CC1168,N300,N3DE,2020-01-01,9999-12-31,Information Technology DE,Information Technology - N3N3 Deutschland GmbH,IT,DE
CC1169,N300,N3DE,2020-01-01,9999-12-31,Finance & Accounting DE,Finance & Accounting - N3N3 Deutschland GmbH,FINANCE,DE
CC1170,N300,N3DE,2020-01-01,9999-12-31,Human Resources DE,Human Resources - N3N3 Deutschland GmbH,HR,DE
CC1171,N300,N3DE,2020-01-01,9999-12-31,Legal & Compliance DE,Legal & Compliance - N3N3 Deutschland GmbH,LEGAL,DE
CC1172,N300,N3DE,2020-01-01,9999-12-31,Executive Management DE,Executive Management - N3N3 Deutschland GmbH,EXEC,DE
CC1173,N300,N3DE,2020-01-01,9999-12-31,Facilities & Maintenance DE,Facilities & Maintenance - N3N3 Deutschland GmbH,FACILITY,DE
CC1174,N300,N3DE,2020-01-01,9999-12-31,Design & Merchandising DE,Design & Merchandising - N3N3 Deutschland GmbH,DESIGN,DE
CC1175,N300,N3DE,2020-01-01,9999-12-31,Store CC Berlin (P1136),Store Cost Center Berlin - P1136,STOREPAY,DE
CC1176,N300,N3DE,2020-01-01,9999-12-31,Store CC Munich (P1137),Store Cost Center Munich - P1137,STOREPAY,DE
CC1177,N300,N3DE,2020-01-01,9999-12-31,Store CC Hamburg (P1138),Store Cost Center Hamburg - P1138,STOREPAY,DE
CC1178,N300,N3DE,2020-01-01,9999-12-31,Store CC Frankfurt (P1139),Store Cost Center Frankfurt - P1139,STOREPAY,DE
CC1179,N300,N3DE,2020-01-01,9999-12-31,Store CC Cologne (P1140),Store Cost Center Cologne - P1140,STOREPAY,DE
CC1180,N300,N3DE,2020-01-01,9999-12-31,Store CC Düsseldorf (P1141),Store Cost Center Düsseldorf - P1141,STOREPAY,DE
CC1181,N300,N3DE,2020-01-01,9999-12-31,Store CC Stuttgart (P1142),Store Cost Center Stuttgart - P1142,STOREPAY,DE
CC1182,N300,N3DE,2020-01-01,9999-12-31,Store CC Dortmund (P1143),Store Cost Center Dortmund - P1143,STOREPAY,DE
CC1183,N300,N3DE,2020-01-01,9999-12-31,Store CC Essen (P1144),Store Cost Center Essen - P1144,STOREPAY,DE
CC1184,N300,N3DE,2020-01-01,9999-12-31,Store CC Leipzig (P1145),Store Cost Center Leipzig - P1145,STOREPAY,DE
CC1185,N300,N3DE,2020-01-01,9999-12-31,Store CC Bremen (P1146),Store Cost Center Bremen - P1146,STOREPAY,DE
CC1186,N300,N3DE,2020-01-01,9999-12-31,Store CC Dresden (P1147),Store Cost Center Dresden - P1147,STOREPAY,DE
CC1187,N300,N3DE,2020-01-01,9999-12-31,Store CC Hannover (P1148),Store Cost Center Hannover - P1148,STOREPAY,DE
CC1188,N300,N3DE,2020-01-01,9999-12-31,Store CC Nuremberg (P1149),Store Cost Center Nuremberg - P1149,STOREPAY,DE
CC1189,N300,N3DE,2020-01-01,9999-12-31,Store CC Münster (P1150),Store Cost Center Münster - P1150,STOREPAY,DE
CC1190,N300,N3DE,2020-01-01,9999-12-31,Store CC Karlsruhe (P1151),Store Cost Center Karlsruhe - P1151,STOREPAY,DE
CC1191,N300,N3DE,2020-01-01,9999-12-31,Store CC Augsburg (P1152),Store Cost Center Augsburg - P1152,STOREPAY,DE
CC1192,N300,N3DE,2020-01-01,9999-12-31,Store CC Bonn (P1153),Store Cost Center Bonn - P1153,STOREPAY,DE
CC1193,N300,N3DE,2020-01-01,9999-12-31,Store CC Berlin (P1154),Store Cost Center Berlin - P1154,STOREPAY,DE
CC1194,N300,N3DE,2020-01-01,9999-12-31,Store CC Munich (P1155),Store Cost Center Munich - P1155,STOREPAY,DE
CC1195,N300,N3DE,2020-01-01,9999-12-31,Store CC Hamburg (P1156),Store Cost Center Hamburg - P1156,STOREPAY,DE
CC1196,N300,N3DE,2020-01-01,9999-12-31,Store CC Frankfurt (P1157),Store Cost Center Frankfurt - P1157,STOREPAY,DE
CC1197,N300,N3DE,2020-01-01,9999-12-31,Store CC Cologne (P1158),Store Cost Center Cologne - P1158,STOREPAY,DE
CC1198,N300,N3DE,2020-01-01,9999-12-31,Store CC Düsseldorf (P1159),Store Cost Center Düsseldorf - P1159,STOREPAY,DE
CC1199,N300,N3DE,2020-01-01,9999-12-31,Store CC Stuttgart (P1160),Store Cost Center Stuttgart - P1160,STOREPAY,DE
CC1200,N300,N3DE,2020-01-01,9999-12-31,Store CC Dortmund (P1161),Store Cost Center Dortmund - P1161,STOREPAY,DE
CC1201,N300,N3DE,2020-01-01,9999-12-31,Store CC Essen (P1162),Store Cost Center Essen - P1162,STOREPAY,DE
CC1202,N300,N3DE,2020-01-01,9999-12-31,Store CC Leipzig (P1163),Store Cost Center Leipzig - P1163,STOREPAY,DE
CC1203,N300,N3DE,2020-01-01,9999-12-31,Store CC Bremen (P1164),Store Cost Center Bremen - P1164,STOREPAY,DE
CC1204,N300,N3DE,2020-01-01,9999-12-31,Store CC Dresden (P1165),Store Cost Center Dresden - P1165,STOREPAY,DE
CC1205,N300,N3DE,2020-01-01,9999-12-31,Store CC Hannover (P1166),Store Cost Center Hannover - P1166,STOREPAY,DE
CC1206,N300,N3DE,2020-01-01,9999-12-31,Store CC Nuremberg (P1167),Store Cost Center Nuremberg - P1167,STOREPAY,DE
CC1207,N300,N3DE,2020-01-01,9999-12-31,Store CC Münster (P1168),Store Cost Center Münster - P1168,STOREPAY,DE
CC1208,N300,N3DE,2020-01-01,9999-12-31,Store CC Karlsruhe (P1169),Store Cost Center Karlsruhe - P1169,STOREPAY,DE
CC1209,N300,N3DE,2020-01-01,9999-12-31,Store CC Augsburg (P1170),Store Cost Center Augsburg - P1170,STOREPAY,DE
CC1210,N300,N3DE,2020-01-01,9999-12-31,Store CC Bonn (P1171),Store Cost Center Bonn - P1171,STOREPAY,DE
CC1211,N300,N3DE,2020-01-01,9999-12-31,Store CC Berlin (P1172),Store Cost Center Berlin - P1172,STOREPAY,DE
CC1212,N300,N3DE,2020-01-01,9999-12-31,Store CC Munich (P1173),Store Cost Center Munich - P1173,STOREPAY,DE
CC1213,N300,N3DE,2020-01-01,9999-12-31,Store CC Hamburg (P1174),Store Cost Center Hamburg - P1174,STOREPAY,DE
CC1214,N300,N3DE,2020-01-01,9999-12-31,Store CC Frankfurt (P1175),Store Cost Center Frankfurt - P1175,STOREPAY,DE
CC1215,N300,N3DE,2020-01-01,9999-12-31,Store CC Berlin (P1176),Store Cost Center Berlin - P1176,STOREPAY,DE
CC1216,N300,N3DE,2020-01-01,9999-12-31,Store CC Munich (P1177),Store Cost Center Munich - P1177,STOREPAY,DE
CC1217,N300,N3DE,2020-01-01,9999-12-31,Store CC Hamburg (P1178),Store Cost Center Hamburg - P1178,STOREPAY,DE
CC1218,N300,N3DE,2020-01-01,9999-12-31,Store CC Frankfurt (P1179),Store Cost Center Frankfurt - P1179,STOREPAY,DE
CC1219,N300,N3ES,2020-01-01,9999-12-31,Retail Operations ES,Retail Operations - N3N3 España S.L.,RETAIL,ES
CC1220,N300,N3ES,2020-01-01,9999-12-31,E-Commerce Operations ES,E-Commerce Operations - N3N3 España S.L.,ECOM,ES
CC1221,N300,N3ES,2020-01-01,9999-12-31,Logistics & Supply Chain ES,Logistics & Supply Chain - N3N3 España S.L.,LOGISTIC,ES
CC1222,N300,N3ES,2020-01-01,9999-12-31,Marketing & Brand ES,Marketing & Brand - N3N3 España S.L.,MARKETING,ES
CC1223,N300,N3ES,2020-01-01,9999-12-31,Store Payroll ES,Store Payroll - N3N3 España S.L.,STOREPAY,ES
CC1224,N300,N3ES,2020-01-01,9999-12-31,Information Technology ES,Information Technology - N3N3 España S.L.,IT,ES
CC1225,N300,N3ES,2020-01-01,9999-12-31,Finance & Accounting ES,Finance & Accounting - N3N3 España S.L.,FINANCE,ES
CC1226,N300,N3ES,2020-01-01,9999-12-31,Human Resources ES,Human Resources - N3N3 España S.L.,HR,ES
CC1227,N300,N3ES,2020-01-01,9999-12-31,Legal & Compliance ES,Legal & Compliance - N3N3 España S.L.,LEGAL,ES
CC1228,N300,N3ES,2020-01-01,9999-12-31,Executive Management ES,Executive Management - N3N3 España S.L.,EXEC,ES
CC1229,N300,N3ES,2020-01-01,9999-12-31,Facilities & Maintenance ES,Facilities & Maintenance - N3N3 España S.L.,FACILITY,ES
CC1230,N300,N3ES,2020-01-01,9999-12-31,Design & Merchandising ES,Design & Merchandising - N3N3 España S.L.,DESIGN,ES
CC1231,N300,N3ES,2020-01-01,9999-12-31,Store CC Madrid (P1183),Store Cost Center Madrid - P1183,STOREPAY,ES
CC1232,N300,N3ES,2020-01-01,9999-12-31,Store CC Barcelona (P1184),Store Cost Center Barcelona - P1184,STOREPAY,ES
CC1233,N300,N3ES,2020-01-01,9999-12-31,Store CC Valencia (P1185),Store Cost Center Valencia - P1185,STOREPAY,ES
CC1234,N300,N3ES,2020-01-01,9999-12-31,Store CC Seville (P1186),Store Cost Center Seville - P1186,STOREPAY,ES
CC1235,N300,N3ES,2020-01-01,9999-12-31,Store CC Bilbao (P1187),Store Cost Center Bilbao - P1187,STOREPAY,ES
CC1236,N300,N3ES,2020-01-01,9999-12-31,Store CC Malaga (P1188),Store Cost Center Malaga - P1188,STOREPAY,ES
CC1237,N300,N3ES,2020-01-01,9999-12-31,Store CC Zaragoza (P1189),Store Cost Center Zaragoza - P1189,STOREPAY,ES
CC1238,N300,N3ES,2020-01-01,9999-12-31,Store CC Palma (P1190),Store Cost Center Palma - P1190,STOREPAY,ES
CC1239,N300,N3ES,2020-01-01,9999-12-31,Store CC Las Palmas (P1191),Store Cost Center Las Palmas - P1191,STOREPAY,ES
CC1240,N300,N3ES,2020-01-01,9999-12-31,Store CC Murcia (P1192),Store Cost Center Murcia - P1192,STOREPAY,ES
CC1241,N300,N3ES,2020-01-01,9999-12-31,Store CC Alicante (P1193),Store Cost Center Alicante - P1193,STOREPAY,ES
CC1242,N300,N3ES,2020-01-01,9999-12-31,Store CC San Sebastián (P1194),Store Cost Center San Sebastián - P1194,STOREPAY,ES
CC1243,N300,N3ES,2020-01-01,9999-12-31,Store CC Granada (P1195),Store Cost Center Granada - P1195,STOREPAY,ES
CC1244,N300,N3ES,2020-01-01,9999-12-31,Store CC Salamanca (P1196),Store Cost Center Salamanca - P1196,STOREPAY,ES
CC1245,N300,N3ES,2020-01-01,9999-12-31,Store CC Córdoba (P1197),Store Cost Center Córdoba - P1197,STOREPAY,ES
CC1246,N300,N3ES,2020-01-01,9999-12-31,Store CC Madrid (P1198),Store Cost Center Madrid - P1198,STOREPAY,ES
CC1247,N300,N3ES,2020-01-01,9999-12-31,Store CC Barcelona (P1199),Store Cost Center Barcelona - P1199,STOREPAY,ES
CC1248,N300,N3ES,2020-01-01,9999-12-31,Store CC Valencia (P1200),Store Cost Center Valencia - P1200,STOREPAY,ES
CC1249,N300,N3ES,2020-01-01,9999-12-31,Store CC Seville (P1201),Store Cost Center Seville - P1201,STOREPAY,ES
CC1250,N300,N3ES,2020-01-01,9999-12-31,Store CC Bilbao (P1202),Store Cost Center Bilbao - P1202,STOREPAY,ES
CC1251,N300,N3ES,2020-01-01,9999-12-31,Store CC Malaga (P1203),Store Cost Center Malaga - P1203,STOREPAY,ES
CC1252,N300,N3ES,2020-01-01,9999-12-31,Store CC Zaragoza (P1204),Store Cost Center Zaragoza - P1204,STOREPAY,ES
CC1253,N300,N3ES,2020-01-01,9999-12-31,Store CC Palma (P1205),Store Cost Center Palma - P1205,STOREPAY,ES
CC1254,N300,N3ES,2020-01-01,9999-12-31,Store CC Las Palmas (P1206),Store Cost Center Las Palmas - P1206,STOREPAY,ES
CC1255,N300,N3ES,2020-01-01,9999-12-31,Store CC Murcia (P1207),Store Cost Center Murcia - P1207,STOREPAY,ES
CC1256,N300,N3ES,2020-01-01,9999-12-31,Store CC Alicante (P1208),Store Cost Center Alicante - P1208,STOREPAY,ES
CC1257,N300,N3ES,2020-01-01,9999-12-31,Store CC San Sebastián (P1209),Store Cost Center San Sebastián - P1209,STOREPAY,ES
CC1258,N300,N3ES,2020-01-01,9999-12-31,Store CC Granada (P1210),Store Cost Center Granada - P1210,STOREPAY,ES
CC1259,N300,N3ES,2020-01-01,9999-12-31,Store CC Salamanca (P1211),Store Cost Center Salamanca - P1211,STOREPAY,ES
CC1260,N300,N3ES,2020-01-01,9999-12-31,Store CC Córdoba (P1212),Store Cost Center Córdoba - P1212,STOREPAY,ES
CC1261,N300,N3ES,2020-01-01,9999-12-31,Store CC Madrid (P1213),Store Cost Center Madrid - P1213,STOREPAY,ES
CC1262,N300,N3ES,2020-01-01,9999-12-31,Store CC Barcelona (P1214),Store Cost Center Barcelona - P1214,STOREPAY,ES
CC1263,N300,N3ES,2020-01-01,9999-12-31,Store CC Valencia (P1215),Store Cost Center Valencia - P1215,STOREPAY,ES
CC1264,N300,N3SN,2020-01-01,9999-12-31,Retail Operations SN,Retail Operations - N3N3 Sénégal S.A.R.L.,RETAIL,SN
CC1265,N300,N3SN,2020-01-01,9999-12-31,E-Commerce Operations SN,E-Commerce Operations - N3N3 Sénégal S.A.R.L.,ECOM,SN
CC1266,N300,N3SN,2020-01-01,9999-12-31,Logistics & Supply Chain SN,Logistics & Supply Chain - N3N3 Sénégal S.A.R.L.,LOGISTIC,SN
CC1267,N300,N3SN,2020-01-01,9999-12-31,Marketing & Brand SN,Marketing & Brand - N3N3 Sénégal S.A.R.L.,MARKETING,SN
CC1268,N300,N3SN,2020-01-01,9999-12-31,Store Payroll SN,Store Payroll - N3N3 Sénégal S.A.R.L.,STOREPAY,SN
CC1269,N300,N3SN,2020-01-01,9999-12-31,Information Technology SN,Information Technology - N3N3 Sénégal S.A.R.L.,IT,SN
CC1270,N300,N3SN,2020-01-01,9999-12-31,Finance & Accounting SN,Finance & Accounting - N3N3 Sénégal S.A.R.L.,FINANCE,SN
CC1271,N300,N3SN,2020-01-01,9999-12-31,Human Resources SN,Human Resources - N3N3 Sénégal S.A.R.L.,HR,SN
CC1272,N300,N3SN,2020-01-01,9999-12-31,Legal & Compliance SN,Legal & Compliance - N3N3 Sénégal S.A.R.L.,LEGAL,SN
CC1273,N300,N3SN,2020-01-01,9999-12-31,Executive Management SN,Executive Management - N3N3 Sénégal S.A.R.L.,EXEC,SN
CC1274,N300,N3SN,2020-01-01,9999-12-31,Facilities & Maintenance SN,Facilities & Maintenance - N3N3 Sénégal S.A.R.L.,FACILITY,SN
CC1275,N300,N3SN,2020-01-01,9999-12-31,Design & Merchandising SN,Design & Merchandising - N3N3 Sénégal S.A.R.L.,DESIGN,SN
CC1276,N300,N3SN,2020-01-01,9999-12-31,Store CC Dakar (P1218),Store Cost Center Dakar - P1218,STOREPAY,SN
CC1277,N300,N3SN,2020-01-01,9999-12-31,Store CC Thiès (P1219),Store Cost Center Thiès - P1219,STOREPAY,SN
CC1278,N300,N3SN,2020-01-01,9999-12-31,Store CC Saint-Louis (P1220),Store Cost Center Saint-Louis - P1220,STOREPAY,SN
CC1279,N300,N3SN,2020-01-01,9999-12-31,Store CC Touba (P1221),Store Cost Center Touba - P1221,STOREPAY,SN
CC1280,N300,N3SN,2020-01-01,9999-12-31,Store CC Kaolack (P1222),Store Cost Center Kaolack - P1222,STOREPAY,SN
CC1281,N300,N3SN,2020-01-01,9999-12-31,Store CC Ziguinchor (P1223),Store Cost Center Ziguinchor - P1223,STOREPAY,SN
CC1282,N300,N3SN,2020-01-01,9999-12-31,Store CC Mbour (P1224),Store Cost Center Mbour - P1224,STOREPAY,SN
CC1283,N300,N3SN,2020-01-01,9999-12-31,Store CC Dakar (P1225),Store Cost Center Dakar - P1225,STOREPAY,SN
CC1284,N300,N3SN,2020-01-01,9999-12-31,Store CC Dakar (P1226),Store Cost Center Dakar - P1226,STOREPAY,SN
CC1285,N300,N3JP,2020-01-01,9999-12-31,Retail Operations JP,Retail Operations - N3N3 Japan K.K.,RETAIL,JP
CC1286,N300,N3JP,2020-01-01,9999-12-31,E-Commerce Operations JP,E-Commerce Operations - N3N3 Japan K.K.,ECOM,JP
CC1287,N300,N3JP,2020-01-01,9999-12-31,Logistics & Supply Chain JP,Logistics & Supply Chain - N3N3 Japan K.K.,LOGISTIC,JP
CC1288,N300,N3JP,2020-01-01,9999-12-31,Marketing & Brand JP,Marketing & Brand - N3N3 Japan K.K.,MARKETING,JP
CC1289,N300,N3JP,2020-01-01,9999-12-31,Store Payroll JP,Store Payroll - N3N3 Japan K.K.,STOREPAY,JP
CC1290,N300,N3JP,2020-01-01,9999-12-31,Information Technology JP,Information Technology - N3N3 Japan K.K.,IT,JP
CC1291,N300,N3JP,2020-01-01,9999-12-31,Finance & Accounting JP,Finance & Accounting - N3N3 Japan K.K.,FINANCE,JP
CC1292,N300,N3JP,2020-01-01,9999-12-31,Human Resources JP,Human Resources - N3N3 Japan K.K.,HR,JP
CC1293,N300,N3JP,2020-01-01,9999-12-31,Legal & Compliance JP,Legal & Compliance - N3N3 Japan K.K.,LEGAL,JP
CC1294,N300,N3JP,2020-01-01,9999-12-31,Executive Management JP,Executive Management - N3N3 Japan K.K.,EXEC,JP
CC1295,N300,N3JP,2020-01-01,9999-12-31,Facilities & Maintenance JP,Facilities & Maintenance - N3N3 Japan K.K.,FACILITY,JP
CC1296,N300,N3JP,2020-01-01,9999-12-31,Design & Merchandising JP,Design & Merchandising - N3N3 Japan K.K.,DESIGN,JP
CC1297,N300,N3JP,2020-01-01,9999-12-31,Store CC Tokyo (P1229),Store Cost Center Tokyo - P1229,STOREPAY,JP
CC1298,N300,N3JP,2020-01-01,9999-12-31,Store CC Osaka (P1230),Store Cost Center Osaka - P1230,STOREPAY,JP
CC1299,N300,N3JP,2020-01-01,9999-12-31,Store CC Kyoto (P1231),Store Cost Center Kyoto - P1231,STOREPAY,JP
CC1300,N300,N3JP,2020-01-01,9999-12-31,Store CC Yokohama (P1232),Store Cost Center Yokohama - P1232,STOREPAY,JP
CC1301,N300,N3JP,2020-01-01,9999-12-31,Store CC Nagoya (P1233),Store Cost Center Nagoya - P1233,STOREPAY,JP
CC1302,N300,N3JP,2020-01-01,9999-12-31,Store CC Fukuoka (P1234),Store Cost Center Fukuoka - P1234,STOREPAY,JP
CC1303,N300,N3JP,2020-01-01,9999-12-31,Store CC Sapporo (P1235),Store Cost Center Sapporo - P1235,STOREPAY,JP
CC1304,N300,N3JP,2020-01-01,9999-12-31,Store CC Kobe (P1236),Store Cost Center Kobe - P1236,STOREPAY,JP
CC1305,N300,N3JP,2020-01-01,9999-12-31,Store CC Sendai (P1237),Store Cost Center Sendai - P1237,STOREPAY,JP
CC1306,N300,N3JP,2020-01-01,9999-12-31,Store CC Hiroshima (P1238),Store Cost Center Hiroshima - P1238,STOREPAY,JP
CC1307,N300,N3JP,2020-01-01,9999-12-31,Store CC Shibuya (P1239),Store Cost Center Shibuya - P1239,STOREPAY,JP
CC1308,N300,N3JP,2020-01-01,9999-12-31,Store CC Ginza (P1240),Store Cost Center Ginza - P1240,STOREPAY,JP
CC1309,N300,N3JP,2020-01-01,9999-12-31,Store CC Harajuku (P1241),Store Cost Center Harajuku - P1241,STOREPAY,JP
CC1310,N300,N3JP,2020-01-01,9999-12-31,Store CC Tokyo (P1242),Store Cost Center Tokyo - P1242,STOREPAY,JP
CC1311,N300,N3JP,2020-01-01,9999-12-31,Store CC Osaka (P1243),Store Cost Center Osaka - P1243,STOREPAY,JP
CC1312,N300,N3JP,2020-01-01,9999-12-31,Store CC Kyoto (P1244),Store Cost Center Kyoto - P1244,STOREPAY,JP
CC1313,N300,N3JP,2020-01-01,9999-12-31,Store CC Yokohama (P1245),Store Cost Center Yokohama - P1245,STOREPAY,JP
CC1314,N300,N3JP,2020-01-01,9999-12-31,Store CC Nagoya (P1246),Store Cost Center Nagoya - P1246,STOREPAY,JP
CC1315,N300,N3JP,2020-01-01,9999-12-31,Store CC Fukuoka (P1247),Store Cost Center Fukuoka - P1247,STOREPAY,JP
CC1316,N300,N3JP,2020-01-01,9999-12-31,Store CC Sapporo (P1248),Store Cost Center Sapporo - P1248,STOREPAY,JP
CC1317,N300,N3JP,2020-01-01,9999-12-31,Store CC Tokyo (P1249),Store Cost Center Tokyo - P1249,STOREPAY,JP
CC1318,N300,N3JP,2020-01-01,9999-12-31,Store CC Osaka (P1250),Store Cost Center Osaka - P1250,STOREPAY,JP
CC1319,N300,N3JP,2020-01-01,9999-12-31,Store CC Kyoto (P1251),Store Cost Center Kyoto - P1251,STOREPAY,JP
CC1320,N300,N3US,2020-01-01,9999-12-31,Retail Operations US,Retail Operations - N3N3 Inc.,RETAIL,US
CC1321,N300,N3US,2020-01-01,9999-12-31,E-Commerce Operations US,E-Commerce Operations - N3N3 Inc.,ECOM,US
CC1322,N300,N3US,2020-01-01,9999-12-31,Logistics & Supply Chain US,Logistics & Supply Chain - N3N3 Inc.,LOGISTIC,US
CC1323,N300,N3US,2020-01-01,9999-12-31,Marketing & Brand US,Marketing & Brand - N3N3 Inc.,MARKETING,US
CC1324,N300,N3US,2020-01-01,9999-12-31,Store Payroll US,Store Payroll - N3N3 Inc.,STOREPAY,US
CC1325,N300,N3US,2020-01-01,9999-12-31,Information Technology US,Information Technology - N3N3 Inc.,IT,US
CC1326,N300,N3US,2020-01-01,9999-12-31,Finance & Accounting US,Finance & Accounting - N3N3 Inc.,FINANCE,US
CC1327,N300,N3US,2020-01-01,9999-12-31,Human Resources US,Human Resources - N3N3 Inc.,HR,US
CC1328,N300,N3US,2020-01-01,9999-12-31,Legal & Compliance US,Legal & Compliance - N3N3 Inc.,LEGAL,US
CC1329,N300,N3US,2020-01-01,9999-12-31,Executive Management US,Executive Management - N3N3 Inc.,EXEC,US
CC1330,N300,N3US,2020-01-01,9999-12-31,Facilities & Maintenance US,Facilities & Maintenance - N3N3 Inc.,FACILITY,US
CC1331,N300,N3US,2020-01-01,9999-12-31,Design & Merchandising US,Design & Merchandising - N3N3 Inc.,DESIGN,US
CC1332,N300,N3US,2020-01-01,9999-12-31,Store CC New York (P1254),Store Cost Center New York - P1254,STOREPAY,US
CC1333,N300,N3US,2020-01-01,9999-12-31,Store CC Los Angeles (P1255),Store Cost Center Los Angeles - P1255,STOREPAY,US
CC1334,N300,N3US,2020-01-01,9999-12-31,Store CC Chicago (P1256),Store Cost Center Chicago - P1256,STOREPAY,US
CC1335,N300,N3US,2020-01-01,9999-12-31,Store CC Miami (P1257),Store Cost Center Miami - P1257,STOREPAY,US
CC1336,N300,N3US,2020-01-01,9999-12-31,Store CC San Francisco (P1258),Store Cost Center San Francisco - P1258,STOREPAY,US
CC1337,N300,N3US,2020-01-01,9999-12-31,Store CC Houston (P1259),Store Cost Center Houston - P1259,STOREPAY,US
CC1338,N300,N3US,2020-01-01,9999-12-31,Store CC Boston (P1260),Store Cost Center Boston - P1260,STOREPAY,US
CC1339,N300,N3US,2020-01-01,9999-12-31,Store CC Seattle (P1261),Store Cost Center Seattle - P1261,STOREPAY,US
CC1340,N300,N3US,2020-01-01,9999-12-31,Store CC Dallas (P1262),Store Cost Center Dallas - P1262,STOREPAY,US
CC1341,N300,N3US,2020-01-01,9999-12-31,Store CC Atlanta (P1263),Store Cost Center Atlanta - P1263,STOREPAY,US
CC1342,N300,N3US,2020-01-01,9999-12-31,Store CC Denver (P1264),Store Cost Center Denver - P1264,STOREPAY,US
CC1343,N300,N3US,2020-01-01,9999-12-31,Store CC Portland (P1265),Store Cost Center Portland - P1265,STOREPAY,US
CC1344,N300,N3US,2020-01-01,9999-12-31,Store CC Austin (P1266),Store Cost Center Austin - P1266,STOREPAY,US
CC1345,N300,N3US,2020-01-01,9999-12-31,Store CC New York (P1267),Store Cost Center New York - P1267,STOREPAY,US
CC1346,N300,N3US,2020-01-01,9999-12-31,Store CC Los Angeles (P1268),Store Cost Center Los Angeles - P1268,STOREPAY,US
CC1347,N300,N3US,2020-01-01,9999-12-31,Store CC Chicago (P1269),Store Cost Center Chicago - P1269,STOREPAY,US
CC1348,N300,N3US,2020-01-01,9999-12-31,Store CC Miami (P1270),Store Cost Center Miami - P1270,STOREPAY,US
CC1349,N300,N3US,2020-01-01,9999-12-31,Store CC San Francisco (P1271),Store Cost Center San Francisco - P1271,STOREPAY,US
CC1350,N300,N3US,2020-01-01,9999-12-31,Store CC Houston (P1272),Store Cost Center Houston - P1272,STOREPAY,US
CC1351,N300,N3US,2020-01-01,9999-12-31,Store CC Boston (P1273),Store Cost Center Boston - P1273,STOREPAY,US
CC1352,N300,N3US,2020-01-01,9999-12-31,Store CC Seattle (P1274),Store Cost Center Seattle - P1274,STOREPAY,US
CC1353,N300,N3US,2020-01-01,9999-12-31,Store CC Dallas (P1275),Store Cost Center Dallas - P1275,STOREPAY,US
CC1354,N300,N3US,2020-01-01,9999-12-31,Store CC Atlanta (P1276),Store Cost Center Atlanta - P1276,STOREPAY,US
CC1355,N300,N3US,2020-01-01,9999-12-31,Store CC Denver (P1277),Store Cost Center Denver - P1277,STOREPAY,US
CC1356,N300,N3US,2020-01-01,9999-12-31,Store CC Portland (P1278),Store Cost Center Portland - P1278,STOREPAY,US
CC1357,N300,N3US,2020-01-01,9999-12-31,Store CC New York (P1279),Store Cost Center New York - P1279,STOREPAY,US
CC1358,N300,N3US,2020-01-01,9999-12-31,Store CC Los Angeles (P1280),Store Cost Center Los Angeles - P1280,STOREPAY,US
CC1359,N300,N3US,2020-01-01,9999-12-31,Store CC Chicago (P1281),Store Cost Center Chicago - P1281,STOREPAY,US
CC1360,N300,N3US,2020-01-01,9999-12-31,Store CC Miami (P1282),Store Cost Center Miami - P1282,STOREPAY,US
